,pipeline,fa_score,fr_score,ee_rate,dcf,threshold,accuracy,distance_self_mean,distance_self_std,distance_other_mean,distance_other_std,elapsed_time_mean,elapsed_time_std
pyannote,pyannote,0.047953216374269005,0.04678362573099415,0.047368421052631574,0.8035087719298245,0.2893656236273391,0.9526315789473684,0.74396074,0.21149802,1.3483648,0.08046861,0.14557830787836398,0.06012067754233148
wavlm-base-sv,wavlm-base-sv,0.07134502923976609,0.07134502923976609,0.07134502923976609,0.7473684210526316,0.9258325662355762,0.928654970760234,0.22932829,0.16326593,0.8378208,0.27748355,2.79943736683801,0.5105686829017644
wavlm-base-plus-sv,wavlm-base-plus-sv,0.06198830409356725,0.0608187134502924,0.06140350877192982,0.8175438596491227,0.9155523103248846,0.9385964912280702,0.23677874,0.16983548,0.8471513,0.24117012,2.3856082424392127,0.059568101136497395
titanet,titanet,0.044444444444444446,0.04327485380116959,0.043859649122807015,0.7239766081871346,0.32707685548383314,0.956140350877193,0.57264006,0.22141185,1.3546791,0.09464161,0.6919284379216454,0.03846451609065551
ecapa,ecapa,0.04912280701754386,0.04912280701754386,0.04912280701754386,0.7473684210526316,0.2941219762519554,0.9508771929824561,0.6281494,0.23292173,1.3615935,0.08759161,2.1258825660725265,0.031307143444735404
