,pipeline,fa_score,fr_score,ee_rate,dcf,threshold,accuracy,distance_self_mean,distance_self_std,distance_other_mean,distance_other_std,elapsed_time_mean,elapsed_time_std
pyannote,pyannote,0.061224489795918366,0.058823529411764705,0.0587484993997599,0.8826530612244898,0.3024642516346971,0.94,0.7431445448714126,0.19457374543069955,1.2391214551307723,0.09261633292865518,0.046936316741230256,0.004172037899147938
wavlm-base-sv,wavlm-base-sv,0.07397959183673469,0.11519607843137254,0.08876050420168068,0.7831632653061225,0.9290027697020792,0.905,0.2591909341775662,0.19331842341252323,0.7983004535207656,0.26334842534488795,0.05155916446121409,0.010815295473411894
wavlm-base-plus-sv,wavlm-base-plus-sv,0.05612244897959184,0.09068627450980392,0.08753501400560224,0.9923469387755102,0.917736223993703,0.92625,0.2700343405570905,0.21838550349345248,0.809533299267396,0.2216075084100643,0.05083078077249411,0.00933771745474588
titanet,titanet,0.04846938775510204,0.061274509803921566,0.0587484993997599,0.707282913165266,0.3261184617574192,0.945,0.6258139942942587,0.22679649517037007,1.2894407050092693,0.10583680563772532,0.018503115301245997,0.0019774374810964976
ecapa,ecapa,0.03826530612244898,0.06862745098039216,0.06752701080432172,0.9725890356142456,0.2952052757813248,0.94625,0.669384434281468,0.2327478997635256,1.27762379386151,0.0915565621507301,0.018344234943724586,0.002026807961542516
